run,run_time,sim_time
1,326231751,9994458873
2,337112619,9994458873
3,323029407,9994458873
4,327045654,9994458873
5,327631808,9994458873
6,336963047,9994458873
7,322363923,9994458873
8,333703516,9994458873
9,332659028,9994458873
10,324566221,9994458873
11,354426856,9994458873
12,332551765,9994458873
13,334841629,9994458873
14,342231971,9994458873
15,335293139,9994458873
16,332307094,9994458873
17,326980679,9994458873
18,330381035,9994458873
19,325283432,9994458873
20,325780798,9994458873
21,324356585,9994458873
22,349301138,9994458873
23,331273004,9994458873
24,345933384,9994458873
25,327208467,9994458873
26,337367916,9994458873
27,337744235,9994458873
28,326996848,9994458873
29,339134443,9994458873
30,332692879,9994458873
31,336416613,9994458873
32,347113345,9994458873
33,326782203,9994458873
34,319221419,9994458873
35,323049110,9994458873
36,322806563,9994458873
37,327986061,9994458873
38,334347826,9994458873
39,336321823,9994458873
40,330080816,9994458873
41,327098297,9994458873
42,329091382,9994458873
43,346222355,9994458873
44,335735989,9994458873
45,326563309,9994458873
46,326890075,9994458873
47,325133545,9994458873
48,342700379,9994458873
49,335401608,9994458873
50,327403340,9994458873
